"","PC1","PC2","PC3","PC4","PC5","PC6","PC7","PC8","PC9","PC10","PC11","PC12","PC13","PC14","PC15","PC16","PC17","PC18","PC19","PC20","PC21","PC22","PC23","PC24","PC25","PC26","PC27","PC28","PC29","PC30","PC31","PC32","PC33","PC34","PC35","PC36","PC37","PC38","PC39","PC40","PC41","PC42","PC43","PC44","PC45","PC46","PC47","PC48","PC49","PC50","PC51","PC52","PC53","PC54","PC55","PC56","PC57","PC58","PC59"
"men_Pt004_RPLCneg",-11.733,5.1215,-14.989,14.289,-5.3421,2.9285,-3.0376,2.9032,-3.8332,5.4167,-1.4452,2.6312,-1.4065,0.81343,-1.4709,4.6639,-3.1013,0.75918,1.3523,-1.9651,-1.3493,2.6308,0.77709,0.61111,-3.1955,-0.51488,-0.55475,-4.0158,2.9278,0.076426,2.4878,4.7405,2.623,-4.2542,-1.0718,-2.5339,7.1147,1.1495,-2.0835,-0.23474,-1.8243,-0.10572,-0.47288,-2.826,-0.80804,1.5175,4.7962,1.869,-4.1899,-1.3384,-0.715,-1.6264,-2.5106,2.6586,1.9985,-0.65366,-0.32918,0.92081,1.7519e-14
"men_Pt007_RPLCneg",2.8983,7.7857,-6.1727,-1.8175,-2.9251,0.8742,-2.6237,5.0502,-8.8456,-1.6493,0.73126,-0.52437,-3.3125,-0.33021,-1.1025,1.4772,1.0347,-0.69586,-0.037506,-1.8679,1.3628,-1.0507,-3.0991,1.174,-3.0784,-4.5276,-1.5324,2.1133,0.88585,-4.0474,2.5458,1.216,1.2802,1.4544,0.14995,-2.9503,4.1556,7.7527,-1.2796,-3.2086,2.4168,-0.023759,-0.75012,1.4523,0.00054326,1.3259,-1.6634,-1.9121,2.5247,-1.1111,3.535,0.76731,-0.24161,-6.1726,-1.604,1.6057,0.22454,1.3925,3.7106e-15
"men_Pt008_RPLCneg",1.4739,5.0518,-5.2073,4.8259,-0.22777,2.1066,6.5811,-4.9022,0.3314,0.28034,1.3025,0.59965,3.3014,2.6557,-2.2154,3.1011,5.8805,-1.9084,-1.4659,1.2953,-0.11882,2.1745,-0.69865,-3.506,-1.7852,-0.0041512,0.79612,2.4565,1.4532,-3.6049,-2.3656,-4.5427,2.7404,-0.041388,2.6579,-0.89769,0.29034,1.7894,0.81121,3.2471,-1.2323,-3.2562,-1.7462,3.0583,0.012475,1.0347,-2.718,-2.7731,1.8579,1.5565,1.9458,-3.1645,-4.3149,2.7684,3.7974,-1.6165,3.9681,0.22646,3.3792e-15
"men_Pt010_RPLCneg",-11.288,2.6705,10.701,16.969,9.6061,-8.3923,3.3382,4.8031,-1.6923,7.7506,-6.0042,-12.074,3.9207,3.4722,5.2462,-4.1394,3.1119,-3.4337,-2.7343,-1.6849,1.464,-1.0253,-4.881,-7.0637,-0.0058782,-4.8878,2.5146,4.2444,1.0147,-3.066,-0.62182,3.0394,0.61185,-0.59692,-3.3906,1.3037,-4.4966,0.65794,-0.76241,1.8302,1.4633,-0.77919,-0.5724,-3.4421,0.53502,0.96812,1.7141,0.33088,-1.1847,-1.6364,-1.7048,0.29096,-0.67942,-0.67714,-0.58004,-0.37047,0.27533,0.33241,1.1692e-15
"men_Pt013_RPLCneg",-16.216,4.4037,12.45,5.3197,2.5854,-0.92598,10.177,-4.494,-7.6591,-3.5409,5.8974,1.553,-0.48994,-0.08093,6.0625,-8.0169,-1.9649,2.1377,6.3142,-4.3047,8.2487,5.1802,3.851,-2.0684,3.5591,0.18504,-3.304,-1.0454,-4.5338,-1.904,2.121,-2.7197,0.65257,5.8705,3.0041,-1.9218,2.7407,0.30902,-1.7145,1.5012,0.053425,0.31997,-1.1207,1.6075,-1.7705,1.4309,0.98032,0.74381,-1.4689,-2.2935,-1.7355,0.52743,0.26424,1.3203,-1.8433,-0.42102,0.68307,-0.19411,1.6237e-14
"men_Pt020_RPLCneg",17.772,7.1962,-11.258,19.41,2.739,5.9061,-4.6698,-5.8744,9.2431,-6.6462,4.9232,-1.8272,5.5459,2.8247,4.2948,7.3303,2.4819,-2.0089,3.3201,0.92317,10.044,-2.0139,-1.3558,0.8422,3.9239,3.9433,5.1514,-2.7899,-1.2382,-0.057796,-0.17713,3.8956,-0.094578,3.3368,-2.2211,-0.56324,-0.82935,1.5121,2.3018,-1.2906,-0.42136,0.71726,-1.1156,-1.331,0.66188,2.3069,-3.1907,0.54678,-1.2884,0.068132,1.518,-0.46157,0.42728,0.25621,1.203,1.6612,-2.3421,0.58888,5.7523e-15
"men_Pt025_RPLCneg",-17.172,2.8808,1.6699,8.989,-1.6537,-0.38407,21.458,-1.9356,-0.11315,0.72897,-1.0557,4.8211,10.102,-6.8521,3.1996,5.6464,-0.70762,5.3203,-0.30587,0.24063,-0.29956,-3.6616,-0.7215,6.26,-3.2524,-1.3558,-1.7633,2.2012,0.72546,-0.034209,0.036038,2.0402,-0.11886,0.61235,0.75731,2.5224,0.49966,-2.2118,-3.056,1.6807,1.3404,0.60374,0.69538,-2.5168,0.87035,-1.1587,0.10708,0.29055,3.2548,-0.24081,1.9078,1.5246,2.9016,0.11043,2.5521,0.17816,-0.67673,1.5833,1.7486e-15
"men_Pt027_RPLCneg",5.3679,-15.458,8.1025,-13.994,6.8084,-7.0078,3.9651,-7.2924,-2.538,-3.6574,6.8233,-4.7414,7.9014,-0.73763,-6.6898,-1.7359,3.0289,-0.39754,-6.1399,-7.7341,-2.2511,-6.5273,-1.2865,-1.2899,-5.5794,6.1058,2.4527,-5.144,-4.8092,0.19343,0.27229,-0.91226,2.7462,-2.4875,-0.29566,-0.73182,1.0596,1.0171,-2.2018,-0.21101,0.93487,3.5578,-1.3714,0.69434,0.16398,2.1742,0.90614,0.58091,-0.46851,1.3216,-1.7503,-0.013421,-1.3208,-0.74828,-0.13599,0.2409,-1.1421,0.055548,-1.1376e-14
"men_Pt047_RPLCneg",-5.4853,-47.376,-2.7776,11.912,7.8353,-2.2036,-8.0313,-10.352,2.1522,-5.8231,-7.5608,5.3209,-0.4002,1.0848,6.1475,-0.93846,-0.30445,7.624,6.9623,-1.02,-5.4209,-7.6347,-0.58383,-2.6268,-2.6443,-5.2808,1.583,2.3832,0.13006,0.45404,-0.15723,-2.9359,2.4104,-0.86957,-0.28827,-2.3772,1.2479,-0.61141,1.7498,-0.39125,-0.91912,-0.22107,-0.13905,2.0897,-1.5436,-1.29,-0.80288,0.0062914,-1.2012,-0.98808,0.33949,-0.26256,0.70487,-0.022961,-0.022651,0.15606,-0.69768,-0.25103,1.1182e-14
"men_Pt060_RPLCneg",-4.7297,0.12678,-15.016,-5.061,-5.0737,-1.3128,9.4995,-1.8699,1.0427,-2.4772,-0.9298,-0.42915,6.5909,-5.0282,2.8473,2.0738,-3.0508,-0.11822,-2.2537,-2.9742,4.411,-0.087067,1.0017,2.8964,-1.0664,-3.2699,-1.6731,0.50941,2.9152,0.77468,1.1105,-0.89674,-0.10215,-3.2482,-3.5398,3.7287,0.30776,-0.4885,4.6061,-3.8862,-1.196,-1.5529,2.971,1.7154,1.317,1.9871,-0.98777,-3.5964,-2.9088,0.32578,-2.6323,-2.3531,-1.3447,-0.43402,-4.2568,0.0010517,1.0823,-3.3583,-5.676e-15
"men_Pt063_RPLCneg",-30.218,7.3972,-16.63,8.5418,11.98,7.678,-1.3822,0.091178,-2.9956,1.5589,-0.86901,9.1645,-0.094171,-0.68482,-0.87419,-3.5171,-0.57695,-4.3599,-2.0267,2.0155,-0.75688,0.86944,-9.1036,-3.603,7.1383,2.4891,-2.7556,2.0587,-2.9069,1.5221,2.5913,-2.8169,0.52841,-3.7001,-2.0424,5.1267,3.0172,-0.36171,0.44939,-1.7022,2.2353,3.2265,-1.1679,1.8007,0.48138,-0.60559,-0.0084092,1.5616,2.0792,2.3431,0.3662,-0.03692,-0.21499,0.70701,-0.10467,0.50012,-0.93708,-0.37461,-2.2898e-15
"men_Pt068_RPLCneg",8.2548,1.598,-6.3539,13.331,-4.0935,-0.23962,2.8472,0.55041,1.2291,-3.8499,4.4589,-6.8885,-0.12318,0.10679,-3.5832,-2.982,-2.3097,-0.50118,-1.3909,-2.0196,-5.9986,0.050891,-3.3655,3.6229,1.1269,-1.7848,1.6155,-1.8428,-3.4694,-0.80554,0.85352,-1.5606,-4.3914,-0.97679,2.7302,-0.074435,1.1031,-1.5118,3.2062,1.1906,1.6446,1.82,-0.98204,-4.4759,-3.2523,-2.9204,-1.6584,1.817,-2.8534,-1.2433,5.2434,0.72675,-0.28891,0.40889,-1.4777,0.53723,3.7565,-2.7564,1.4148e-14
"men_Pt074_RPLCneg",-21.296,8.2946,14.297,11.544,-5.4332,4.1641,-3.0976,1.378,6.9592,-4.41,0.010284,-3.4653,0.0060534,-1.3085,-2.8795,1.9915,1.5422,4.5926,0.27937,-1.8685,-2.8074,5.5663,-1.102,-0.94573,-2.2974,2.7741,-3.9705,1.4645,2.385,-1.427,1.4287,-5.5971,-0.63774,0.67938,-1.2497,-6.6153,0.89642,-3.7675,2.7367,-1.2034,3.8061,-1.3263,0.39782,-3.8522,2.9296,0.54867,-2.0254,1.0592,0.80705,2.983,-3.957,0.75091,-1.0458,-1.6847,0.28579,1.407,-1.1758,0.31066,-6.8001e-15
"men_Pt089_RPLCneg",-11.745,6.0477,17.433,9.1812,-3.1712,-2.0572,-1.5313,-1.9331,4.6808,-0.42646,2.5942,-0.49936,-1.7489,6.0342,-0.27936,-0.5053,5.7172,1.8141,-2.8934,-0.35969,0.40948,-0.72394,2.9211,0.2214,1.8697,-1.2379,-4.707,-5.3471,6.7459,-3.6313,0.289,-2.1951,3.6279,0.80589,-1.4532,3.4544,-2.4383,0.49338,-2.0319,-1.142,-1.5257,1.1934,2.932,1.8544,-3.1343,-0.84274,2.676,1.1689,-2.119,5.4825,4.0294,-0.65201,2.3265,-0.73805,-0.95113,0.41711,-0.11364,0.13207,1.0724e-14
"men_Pt095_RPLCneg",-4.9778,0.022668,-6.7185,5.9223,11.907,-0.58524,-2.2657,-1.7647,4.9746,-2.1022,6.6774,4.5682,-1.193,2.7359,-7.5641,3.3462,3.4284,0.64729,-1.7169,1.9365,-2.5031,3.0022,-0.60286,-0.43552,0.79266,-0.37429,0.2132,-1.1485,3.0302,0.61307,0.70379,-0.23984,3.4439,1.2563,3.0785,-0.78886,-3.4191,-0.43129,-3.6986,-4.1535,-0.50804,1.5007,1.3284,-2.055,1.9912,0.07558,0.44898,-1.3462,1.7797,-6.8768,-2.2381,-2.2842,3.5738,-0.09853,-0.83238,-0.49122,2.4047,-1.8828,2.0539e-15
"men_Pt110_RPLCneg",-0.013472,-3.6293,-12.429,-1.9809,7.4922,1.9713,3.7439,-3.385,3.4685,-4.4925,-2.4435,-4.1936,-7.8539,-3.1332,-4.024,3.1185,-2.723,-0.42741,-4.3764,-0.80386,3.0166,-0.21379,-0.44227,2.1208,2.0799,-0.41098,-2.5105,3.5743,0.50128,3.1113,4.0178,4.8137,0.81814,-1.0582,-1.011,-5.2625,-2.5811,-2.1035,-1.6547,7.089,-0.82134,-0.71401,0.47009,5.091,0.32841,0.61578,-0.28089,4.519,-1.09,1.2462,-0.2791,-1.2363,1.0161,-2.4047,-0.17587,0.38316,1.7664,-0.47434,2.1302e-15
"men_Pt116_RPLCneg",10.049,2.5022,-4.5105,-0.72528,-1.8955,-3.5636,-0.94955,-2.4022,1.2129,-1.8503,4.7286,-3.0683,-3.5463,2.2624,-1.6362,0.18852,-0.2676,-1.2024,-4.4905,-3.3914,4.4715,0.54145,-2.0165,-1.0563,-1.9979,-2.1859,-1.8425,2.4069,2.4578,2.0591,0.91964,-0.44649,-1.2235,1.4356,1.2292,-0.926,1.3661,1.2977,3.1818,0.21494,3.4092,0.50339,1.1538,1.5552,0.16447,-3.9444,1.744,-1.6454,-0.1533,-0.98323,0.70049,1.6444,1.3886,1.0837,2.9361,-6.5644,-4.7521,-2.4287,2.7305e-15
"woman_Pt003_RPLCneg",0.20957,5.7524,-8.1088,-0.054074,1.0194,-1.6673,-0.18619,1.1548,-6.3153,-4.8631,4.0502,0.71774,0.04231,0.34962,-0.16546,-0.3659,1.6849,-4.0121,-0.75563,1.7806,-0.23525,-0.45257,1.5164,1.4778,-1.2465,-1.8964,-0.012738,3.5256,0.89266,-1.1764,-2.3382,0.19414,0.49268,-1.3565,3.1948,-1.278,-2.395,1.8324,2.2979,-1.408,-2.182,-1.3467,0.17327,1.1149,-2.0247,0.78845,3.7748,0.7575,0.5128,1.011,-2.4685,5.6092,0.44877,1.8517,3.3082,6.0863,-0.53064,-3.6,6.448e-15
"woman_Pt005_RPLCneg",15.069,7.6173,-5.288,15.511,-9.099,-0.59951,3.1845,-3.9984,3.5778,-2.6386,4.1802,-6.2635,-2.6286,3.17,-1.9972,-1.4626,-8.1152,-1.1058,6.61,-0.019839,-3.3994,-1.0256,3.4317,2.532,3.1542,-3.5609,1.4157,-2.1707,-2.8636,-1.0402,1.2449,-1.1385,0.78373,-2.2851,-2.7455,1.9957,-3.2082,-0.89118,-1.4515,-1.8191,-1.951,0.42949,-0.85262,1.5257,-0.423,-0.8692,2.659,0.77386,6.5474,0.14242,-2.2392,-0.27425,-3.7028,-2.2738,0.63297,-1.7782,-0.78102,0.44411,1.9301e-14
"woman_Pt019_RPLCneg",-37.788,12.341,4.9551,-0.98235,-5.6411,11.302,-9.4061,0.3267,3.5826,-0.6366,-1.1805,3.3556,5.0984,-5.4602,0.095691,-8.049,-9.0643,-9.0621,-5.5043,-0.87471,0.60782,-5.5468,2.0674,-2.1035,-2.7523,-2.8909,0.42097,-3.6451,-1.1687,-1.4613,-3.6393,3.0375,2.5413,3.4749,1.5129,-2.9391,-1.1066,-2.6573,0.43553,-0.6539,-0.40831,-0.89944,2.9806,0.71185,0.6099,-0.66102,-1.6478,0.26478,0.89233,-1.0091,1.1753,-0.38715,-0.36674,0.30027,0.73597,-0.39584,0.3608,0.31955,3.6221e-15
"woman_Pt022_RPLCneg",-14.603,9.5499,12.606,4.8417,0.41979,0.6452,-4.9388,1.3081,3.661,-0.13416,-0.16366,-4.7587,-3.4221,1.6239,2.5258,1.4497,1.7486,-0.57049,-0.065879,-1.9699,0.92741,-0.35569,-0.086874,0.17441,-4.9512,0.6962,-0.40019,1.1919,-0.30133,-4.3492,-1.176,0.88355,-10.156,-4.4091,-0.043033,-0.48073,3.2575,0.18383,-1.0381,0.22906,-6.5333,3.706,-0.76298,3.1647,1.7325,0.87567,-1.5014,-0.32795,3.0854,-0.3941,-0.51094,-0.49082,3.2593,2.8405,-1.5344,-0.36182,0.17219,-0.10698,-1.5182e-14
"woman_Pt032_RPLCneg",-0.57793,3.5414,1.3469,4.2487,1.4977,-0.13169,4.7582,-0.18356,-10.375,-6.2696,6.3275,2.1445,0.44041,-0.9312,3.3171,-3.4823,0.017329,1.2278,0.12622,4.0753,-5.6395,2.7128,-0.79172,-0.14565,-3.1313,3.953,-1.313,2.3034,1.914,0.3921,-2.1942,3.6529,-3.7906,-1.2537,3.3991,0.94887,-5.2835,2.6178,1.2409,-4.2199,-0.94231,-0.87093,1.1288,1.7187,-0.37215,-2.1857,-2.5918,4.342,-3.3655,-0.35513,-0.85893,-2.9218,-1.8835,-0.92927,0.03691,-1.2608,-1.8044,2.9692,5.2076e-15
"woman_Pt036_RPLCneg",-11.89,-8.5944,-14.539,2.6639,21.904,-6.1378,-4.3137,8.8219,0.53091,7.6135,-2.02,-11.624,4.0135,2.7821,5.9709,0.69345,-5.3558,1.4433,-2.8354,6.5087,-1.6827,2.7316,7.8973,6.1387,-1.8604,3.0986,-2.1962,-2.7073,-1.2193,1.4666,-1.2503,-2.0752,1.457,1.9402,1.2824,0.011235,2.2398,0.50381,0.50343,-1.1974,1.5695,-0.51327,-1.3134,1.9202,0.20054,-0.58489,-1.0382,-0.43478,0.81167,0.92825,0.70083,-0.23677,-0.0004436,-0.25295,0.4494,-0.15204,-0.24917,-0.53259,-1.7486e-15
"woman_Pt038_RPLCneg",-4.6827,6.1163,-12.125,-4.5146,-2.5575,1.0466,-5.5848,-1.6336,-12.031,-10.039,-4.3331,-0.98522,2.238,-6.1045,-0.54734,-2.1704,-1.2742,5.1614,-0.4668,4.0898,2.4901,2.6426,1.5029,-3.6073,-2.2207,-0.23403,-0.48628,-1.8746,4.5318,5.8519,-3.2589,-1.4952,-2.3841,2.2994,-5.4909,-1.2728,-3.8281,0.51694,-1.1714,1.0794,-0.93948,4.737,-4.4712,-2.6405,-0.53712,1.8574,1.5635,-1.2424,1.4919,0.96509,2.0062,0.36073,-0.24603,0.3961,0.025996,-1.2163,1.2889,-0.68142,-1.7104e-15
"woman_Pt044_RPLCneg",23.289,-0.32202,1.7129,-12.387,-2.3233,0.57104,6.7592,11.67,0.67174,-6.2005,-0.23661,-2.1077,7.7674,7.5649,1.7068,-7.0087,5.141,0.070727,3.4867,9.2301,-0.95885,-2.1891,-3.8481,-3.4015,2.2918,-4.0207,-3.0942,-5.2677,0.89597,3.5027,3.8173,2.6965,-0.089386,-2.5735,1.7918,-3.8796,2.9633,-3.5758,-0.82358,0.10906,-1.5301,-0.41667,1.7898,0.3017,0.33016,1.3744,-1.8117,-0.91947,0.79811,0.51665,-0.20112,0.23576,0.34641,0.083007,0.62556,-0.43356,-0.68399,-0.4122,-4.6525e-15
"woman_Pt055_RPLCneg",-15.185,-2.7648,12.469,-0.56512,7.0249,-10.537,8.767,2.4792,-6.6431,2.6231,-3.4724,12.161,-5.382,6.5088,-2.2712,-0.69058,-2.1789,-1.4541,0.99213,0.71823,0.040163,1.6941,2.3763,3.3817,2.4487,3.3285,5.67,-2.8838,-1.0201,-3.5507,0.22172,2.0529,-1.1849,-2.5722,-4.1711,-6.1033,-2.9423,-1.1977,4.7445,0.55317,0.34515,1.7864,1.4725,-0.19527,1.1941,-0.22116,0.27794,-3.7935,-0.099859,0.41016,1.962,0.30885,-0.18611,-0.874,0.65058,-0.50906,-0.18137,-0.17762,-2.1254e-14
"woman_Pt058_RPLCneg",-11.634,13.199,-4.7604,-16.413,-6.238,0.97171,-3.0931,-3.9049,-9.8241,10.075,-0.21036,-3.9131,1.5587,-0.75361,4.2731,4.5616,5.4173,0.41025,6.1116,-0.79488,0.59543,4.759,-4.3314,0.16987,-3.1846,-1.1996,9.0994,-3.1199,1.495,0.28548,1.6178,-0.97878,3.0308,1.9427,1.3306,0.23418,-0.25263,-4.4121,0.89448,0.37137,-0.25826,1.0936,0.87517,2.5948,1.8024,-3.7777,-0.032326,3.7498,1.4199,0.22658,0.52797,-0.7165,0.26431,-0.65494,-1.1191,0.792,-0.44422,-1.7135,-8.1046e-15
"woman_Pt070_RPLCneg",2.3825,2.5857,-10.685,-1.5769,-4.2151,-3.9692,-2.9105,-1.5889,-1.9929,-3.0822,3.6958,-4.2879,-1.7593,-0.048701,0.91341,-1.2502,-0.68558,-1.5976,1.0113,-1.3265,-0.29833,0.58725,-0.58024,-0.20131,1.0505,-1.0915,1.9415,-2.6139,-0.40324,1.8387,0.23602,-1.8167,-0.71469,-1.0329,-3.4784,1.921,1.0091,-0.29504,0.41727,-1.061,2.3137,-0.46857,1.6265,2.6811,2.6246,-2.5365,-0.26228,-2.3852,-3.1723,0.087261,-2.6822,3.2894,3.9232,0.39683,3.0659,0.2693,4.7278,5.6288,7.3552e-16
"woman_Pt085_RPLCneg",-6.6484,-30.549,-1.715,-3.6957,-7.3748,-5.8165,-2.798,-4.9559,1.1864,-1.1975,1.3719,1.8875,0.24115,2.6439,-5.7183,0.34282,0.075228,2.9893,-3.0994,5.9973,1.1878,5.6277,5.5992,-2.1831,2.3708,-6.341,2.3608,0.20379,-0.71647,-3.2107,-4.4296,3.4069,-2.0447,-0.18518,2.4191,4.8658,3.1615,0.3354,0.49541,3.2809,4.3351,3.6756,2.5675,-0.15257,2.8373,2.9667,-1.3498,2.242,0.13134,0.28894,-0.88612,0.25368,-1.252,-0.59991,-0.10914,0.79893,-0.80709,0.15762,-1.674e-15
"woman_Pt086_RPLCneg",-22.756,3.1453,2.1375,-7.3074,1.2807,-6.0533,2.9568,4.3083,8.8628,0.51855,3.8683,-1.4056,-5.256,-5.3278,1.3626,0.068517,1.9843,-6.0574,5.6823,2.5912,-0.61309,-4.5722,0.27912,2.9602,1.9187,-0.18545,2.7923,2.5506,4.0388,5.38,0.035054,-3.3307,1.6305,1.1423,2.1824,-1.1299,0.90844,5.9385,-0.43611,3.507,-1.9423,5.1515,3.2989,-3.1289,-0.18616,-1.5135,-0.97012,-0.8542,-0.60385,0.931,-1.5885,0.29775,-2.8639,0.93815,-1.5765,-0.034,-0.38646,1.3804,-1.4239e-14
"woman_Pt087_RPLCneg",-14.851,-3.0474,2.0673,1.7185,-5.5847,-6.3634,-0.75793,1.7784,1.8831,-2.2632,4.6198,-0.67021,-10.804,-10.665,2.6353,-1.5938,8.1499,-2.3441,4.725,5.4599,1.459,-3.3597,2.8434,-1.4656,-2.1399,4.5215,-1.4466,-3.3941,-1.3943,-0.98205,-2.3872,2.7099,2.7554,-5.193,-1.9996,2.2825,0.73724,-0.5949,0.86384,1.1441,4.1469,-5.1796,-2.68,-0.714,-1.0869,0.53131,-0.6439,0.48073,1.5609,-1.4892,0.42806,-0.10191,1.5125,-0.12587,-0.81055,-1.1479,0.23125,-1.7158,-1.8908e-16
"woman_Pt092_RPLCneg",1.6224,-10.361,-8.2728,-6.2612,-2.7492,-3.4591,-1.4573,5.0761,-0.97715,0.2816,-1.2569,-0.62269,-3.2358,3.8928,-0.49976,-4.9684,1.3496,3.0748,-0.59885,-7.7548,4.4791,-6.1769,0.95398,3.779,5.8745,2.3376,1.4646,3.0157,7.9721,-0.39392,-2.6597,2.965,-1.6915,0.32195,3.0982,-0.66826,0.64286,-4.8651,-2.7432,-3.7585,3.8692,-0.22589,-3.7084,0.532,0.42207,-1.373,-0.32547,-0.22623,1.4912,0.46024,-0.041736,-0.89076,-2.5606,2.5326,-0.79933,1.1849,0.70407,0.9007,-1.0339e-15
"woman_Pt105_RPLCneg",-5.19,-32.316,-4.493,4.8053,-17.887,-4.9234,1.9667,5.6229,5.6878,3.8847,2.1604,6.4611,-5.8516,7.3271,8.418,1.0383,-2.7656,0.72991,-9.6129,3.5742,5.2978,0.35499,-5.6815,-0.00070705,-4.343,2.262,1.7155,-0.84288,-3.7944,4.1086,0.33764,-3.4846,-0.47158,1.2948,1.8889,-0.48506,-1.9874,0.47333,-1.6187,-0.88865,-1.7746,-1.1884,-1.6962,-0.73707,0.35327,0.63219,1.5417,0.90665,0.51306,0.49905,-0.48757,0.38202,-0.31825,-1.1411,-0.83543,0.1354,1.1584,0.18703,-2.2343e-15
"woman_Pt113_RPLCneg",-15.603,-6.0446,-10.079,-12.044,0.72365,-7.7641,-2.7034,9.1398,2.1456,8.9858,7.3173,-0.29115,3.276,-1.1816,-10.764,2.7201,-8.7305,7.8578,7.8543,0.58897,4.6728,-4.6006,-2.0091,-7.1811,-0.27874,2.7811,-1.5406,1.1971,0.070426,-2.9937,1.9777,-0.93893,-2.5942,1.2066,-0.090203,1.741,-2.2811,0.32932,0.85892,0.11999,-2.434,-2.4403,1.2003,-0.49801,-1.1049,0.36122,-0.81204,0.86072,-0.81629,0.37206,1.1873,0.67483,0.39972,-0.3333,1.098,0.01584,0.24395,-0.17301,-1.0459e-14
"woman_Pt119_RPLCneg",-36.332,15.651,8.0361,-18.832,-5.0565,10.291,-7.8353,-9.563,3.9431,5.2329,3.4482,-1.3617,4.9894,6.0201,0.5977,-4.6312,5.9363,7.4931,-2.6304,2.3816,0.37706,-0.48788,3.6366,5.1929,3.17,-1.0634,0.72895,4.7021,-3.9041,2.6513,4.038,1.5165,-0.97977,-3.5195,-1.6092,-0.056657,-1.4236,2.1944,0.14289,0.10931,-0.61163,-1.7525,-2.19,-1.399,-1.6068,-0.48163,0.37927,-1.5378,-1.1233,-1.8068,0.27228,-0.034605,-0.70746,-1.0694,1.2792,-0.28175,0.041122,0.16673,-3.0469e-14
"woman_Pt122_RPLCneg",10.14,-3.4445,-9.9158,3.6696,3.9358,1.7806,-5.5558,4.3098,-3.9814,-4.4581,4.1668,0.71634,-3.2296,1.3659,0.28546,-8.3437,3.5544,1.5931,-1.2181,-3.4345,-2.7042,1.276,-1.7696,3.5084,-2.5465,4.5793,2.4751,2.9936,0.64125,0.53392,-0.30989,0.028881,-1.0707,5.0126,-3.1666,4.7786,3.3891,-3.6268,0.75543,4.6092,-3.0665,-2.7811,5.7292,-1.7281,-1.5195,2.1213,1.7386,-2.0691,1.7805,-0.94919,0.11264,-2.2408,-0.26163,-1.9534,1.0356,0.92397,-0.91462,0.38854,-1.1727e-15
"woman_Pt123_RPLCneg",-2.2155,4.3059,-13.258,-1.1171,-2.592,-0.18732,5.4719,-0.55435,3.7907,0.66751,-0.20296,-1.3886,0.47912,0.5295,-7.919,-0.42462,-0.20497,-2.8859,-2.0482,1.7646,-2.6806,3.3118,0.018949,-0.23405,-0.93622,-2.4522,1.0684,0.019907,0.65155,0.47586,-1.298,-3.6815,1.3664,-0.20161,-0.29397,-0.62132,-1.1887,-2.4598,1.1385,2.2547,-1.0894,-2.7796,-4.2445,1.985,-1.4028,0.6509,0.53962,-1.9301,-1.0762,-2.9141,2.0412,0.83744,1.276,2.3104,-4.5295,2.1448,-4.9855,4.2662,1.5821e-15
"woman_Pt164_RPLCneg",-13.925,-7.9323,-22.231,-5.2542,-8.4969,0.041325,4.7087,4.2207,3.0355,2.0998,-9.1106,0.68898,-0.029012,7.3776,-1.4383,3.4165,8.4994,-4.9388,5.2302,-8.7316,-5.2788,1.4057,5.0481,-2.6857,-0.63501,1.7427,-6.4672,0.68996,-5.7647,3.6092,-2.6931,2.6611,-0.86939,3.9715,-2.3044,0.41936,-2.0496,0.87274,-0.223,-1.5879,-0.30263,1.158,1.2306,0.024607,0.10193,-0.030326,-1.5298,1.0363,0.0064213,-0.38007,0.79792,0.99298,-0.034528,0.12696,0.21615,-0.35843,0.098871,-0.66579,-1.5824e-14
"woman_Pt170_RPLCneg",4.5129,7.5829,-16.137,-13.791,2.6122,8.3238,-4.4874,1.1111,-0.26198,-5.1744,-1.712,5.5096,2.4113,4.5885,4.4039,4.5986,-0.6596,-5.9291,3.7981,2.428,-2.6857,-4.6334,0.39234,2.4109,-1.9552,0.029398,-0.94821,-1.1162,0.077663,-7.8145,2.2437,-2.6115,-4.5975,1.4999,2.6374,1.3136,-2.7691,-0.61492,-2.2264,4.2425,3.901,-0.40123,-2.4749,-1.7092,0.89713,0.47333,3.4283,-0.99504,-2.5353,1.5556,-2.5013,-1.1101,0.63058,-1.2086,-1.1704,-1.6593,-0.089892,-0.25723,-1.1922e-14
"men_HCW011_RPLCneg",13.662,12.43,20.245,-3.861,6.6562,-4.5242,0.67216,-4.7406,1.0077,6.3296,-3.7354,5.9167,0.60857,2.6997,-3.1468,1.4215,0.73948,-3.8251,-0.63946,-0.48901,0.72143,-3.9263,0.97478,0.88765,-1.5491,-3.0319,-1.8531,-3.6828,3.715,5.6037,1.4095,-1.2931,-4.7834,3.4193,-0.55665,1.9773,2.0368,1.397,6.7944,-0.29243,1.4498,-1.9559,-2.3312,-0.12648,-2.2862,2.1642,1.1874,4.643,2.5295,-1.691,-1.676,-1.5063,0.26835,-0.48503,0.5064,0.51654,1.7179,1.3159,8.3406e-15
"men_HCW012_RPLCneg",10.213,-40.092,16.929,2.8535,-6.885,-4.8292,-9.5218,-6.0052,-1.874,4.107,-2.4342,-0.16642,10.875,-1.4671,-4.0068,-3.1276,-2.3792,-8.7047,6.5992,0.32498,1.6787,6.388,-5.8363,7.222,0.86435,3.9001,-5.0491,1.7248,2.638,0.14074,-0.64281,1.8314,1.1365,-1.1223,0.070562,-0.14766,-0.86413,1.31,-1.08,1.4887,-0.94365,-0.82323,-1.2279,0.075642,0.13341,-0.49504,-0.047341,-0.93031,0.24103,0.14117,0.15178,0.54009,1.0214,-0.27037,-0.35218,-0.65526,0.57969,-0.36254,-3.8372e-15
"men_HCW036_RPLCneg",15.399,14.686,3.0951,12.638,-5.4308,5.904,2.6665,1.5319,0.51603,7.4468,1.1619,2.9394,0.47952,1.1619,-4.4751,-1.0245,-1.1144,4.1028,-0.44992,3.6497,-4.1539,-1.6745,-0.34581,-1.5936,-1.1523,1.5469,2.3554,2.3193,-0.93069,0.48178,-2.9676,6.2854,2.8561,4.6093,-0.15955,-0.092167,2.6119,0.863,1.2436,1.0784,-0.045193,1.963,-3.6295,1.5675,-3.5348,-2.6657,-1.1768,-3.1329,-0.75524,3.9039,-5.0061,-0.089862,2.4498,-0.6675,-2.3012,-0.66034,0.93288,-1.2062,1.3885e-14
"men_HCW059_RPLCneg",2.6548,7.6018,8.9415,3.8383,1.5581,-4.954,2.25,-3.6787,2.772,4.3865,-2.6906,0.4144,-5.2102,-6.8032,-3.2644,-3.8952,1.0644,1.4636,1.1068,0.99223,-4.2454,-0.92231,-3.4169,1.9643,2.6525,-3.449,0.83998,-3.5742,-2.308,2.1575,-1.2517,-0.45604,-4.864,4.8171,-0.63977,0.38274,0.34072,2.0936,-4.8398,-1.5096,-1.0426,-3.6933,-2.0083,1.4588,6.6373,0.20352,0.63358,-1.7041,-3.4326,1.5456,0.93374,-1.5419,-0.89001,-0.034379,2.0383,1.5458,-1.7203,-2.5887,4.2327e-15
"men_HCW067_RPLCneg",17.376,12.115,2.9049,18.037,1.0959,-0.59163,-5.042,-1.1153,1.5971,3.9094,-5.9439,4.1629,3.2901,-3.7376,-0.52213,-0.24264,0.92519,-0.72286,0.84877,-2.6241,3.5258,2.3149,6.4251,-5.9035,-3.0246,2.6168,1.7931,-0.97406,-0.13656,5.6472,4.5626,-0.10445,-4.1112,-4.598,6.1661,1.3658,-1.8499,-0.95332,-2.8575,1.5346,2.6259,-0.003228,2.42,1.1899,-1.5759,-2.0154,0.21278,-3.9135,0.081191,0.26025,0.88766,0.4274,-1.3962,-2.1968,-0.43377,2.0532,-0.31667,0.067556,1.416e-14
"men_HCW237_RPLCneg",4.1126,-17.593,7.3521,-7.6931,-7.7546,-7.4343,-0.078274,-2.7531,-1.786,-0.5776,-0.034034,-1.7101,1.5098,-6.9388,4.049,6.3273,-0.89592,-5.5346,-6.1906,3.7451,-6.8587,0.50653,4.1645,-4.7663,5.6603,2.8349,2.4347,3.0629,1.6135,-3.0019,8.0557,0.32206,-2.4382,4.332,-3.4782,-1.0138,2.0241,-1.4678,-2.2794,-2.7714,-0.44339,-0.14598,0.083768,0.31611,-3.8216,-0.19988,-0.89735,-0.40603,0.40543,-1.0255,0.069881,-0.242,-0.07892,1.2669,0.87918,0.25529,-0.43955,-0.39037,-9.1836e-15
"men_HCW282_RPLCneg",12.578,9.1026,3.4166,-2.7523,1.9778,-3.3614,-3.717,1.8173,-0.62545,1.1008,4.1261,1.9229,7.2308,-4.0825,2.9279,7.9381,2.5871,0.983,-1.8081,-0.30258,-0.14269,-0.82845,-0.35144,-2.1816,8.0252,0.043598,-1.1581,1.7588,-3.2884,1.1512,-10.373,-1.932,-1.9892,-1.9922,0.081461,-4.6658,3.0442,-1.3017,-0.17492,0.008751,-1.3938,-1.8112,2.1501,0.26397,-0.44552,-1.8802,4.973,0.65751,0.010227,-0.44679,0.72552,-0.56805,-0.27717,-2.7981,-1.7813,-1.0845,0.5533,0.78146,1.6202e-14
"men_HCW564_RPLCneg",19.392,6.035,2.5972,-12.432,2.617,-1.4558,2.1683,-10.136,-3.2907,-2.1911,3.5791,-0.42921,-2.9367,7.6824,3.1666,-0.58334,-7.9865,-2.6446,0.20807,-0.95179,-0.18945,0.22356,3.9805,-5.3716,-1.4113,0.77363,-2.078,3.2141,-0.20944,1.8234,0.11639,1.4554,2.7117,-1.8386,-0.97267,0.28784,2.1868,1.813,-0.33235,0.68386,-0.75213,-2.7694,-0.11712,-5.7453,4.6742,-3.9619,-0.32674,0.18072,1.7706,2.5707,1.9072,-2.4852,2.2392,1.5794,-1.521,2.4365,-0.055865,-0.23796,7.4211e-15
"men_HCW574_RPLCneg",13.825,12.926,4.7278,3.186,6.5694,4.2259,-2.8676,-7.1246,-3.2231,3.0851,1.1463,3.4257,-1.8151,3.4112,0.74303,2.7568,-0.72218,2.0476,-1.2558,1.535,-3.0869,-1.8643,-0.47897,0.8627,-0.76448,2.2606,0.079662,-0.12405,2.1614,0.77246,0.20974,0.89885,0.37456,0.81642,-1.2571,0.99326,0.15684,-0.7352,-2.7205,0.1729,-0.59103,-3.1631,2.6893,0.096254,2.1008,2.7834,-2.4825,1.2458,-0.074922,-0.24334,0.94872,8.3696,-3.268,1.6989,-3.8402,-3.0284,1.0757,-0.36982,2.2829e-15
"men_HCW578_RPLCneg",28.212,5.6693,3.6173,-8.0721,2.4619,-3.0115,-6.2646,13.348,11.26,0.61785,7.8679,9.4713,4.5753,-5.7939,7.7902,-2.5528,-0.87168,4.5819,-1.1349,-7.8528,-4.9163,5.8169,0.44447,0.1658,0.028148,-3.1683,-0.036538,-0.75823,0.14762,-1.264,1.7848,1.6973,2.2751,-1.005,-2.8423,0.17893,-2.8497,2.8225,0.94764,2.739,1.3276,1.0797,-2.147,1.6908,1.3091,0.01774,-0.64826,1.3796,1.105,-0.22345,0.66727,0.24989,-0.40147,2.1949,0.047885,0.45402,0.14895,-0.17301,3.4482e-15
"woman_HCW002_RPLCneg",0.1162,-9.1287,-7.352,-10.319,8.2881,1.0833,-0.45849,-3.5786,4.1132,-1.6377,-6.1481,-2.5396,-3.6828,-6.9813,-0.9208,-0.70712,1.4125,1.8009,0.49447,-2.1205,0.38337,5.0894,-2.9181,0.83721,0.74382,-2.7456,3.4124,-0.88613,-4.0754,-0.68411,1.6401,3.5652,-0.33574,0.50837,5.3426,-0.94125,-1.5683,1.1803,1.5385,-4.2899,-0.5127,-2.6222,1.9453,-3.2723,-2.7511,3.0094,2.4113,-0.84059,2.4968,5.4292,0.18972,-0.04575,1.5912,2.1925,-1.1122,-2.3688,0.60118,2.1832,-2.1129e-15
"woman_HCW008_RPLCneg",14.2,3.9391,-5.5677,2.3195,-10.043,4.1444,-0.93402,0.15764,-6.6132,1.3379,-12.836,-3.6197,0.29087,-0.89881,-0.5825,-1.1835,-0.71546,7.063,-4.2598,0.2521,-0.1644,-3.4002,-1.9257,1.2577,5.4406,4.6487,-1.263,-4.9992,-0.5693,-3.0181,0.045662,-2.4957,0.73306,-0.7239,0.59342,-0.93235,-2.003,6.8216,1.0494,3.15,1.2822,-0.97705,4.2616,0.068889,0.26535,-1.5445,-0.76861,0.84315,2.1475,-2.6417,-2.1296,-1.1388,1.2535,3.0428,-0.63629,1.034,-0.89439,-0.232,9.3293e-15
"woman_HCW019_RPLCneg",10.027,6.0715,9.6417,-0.64339,-2.8972,-3.1337,-6.0956,-2.0047,-6.6162,3.9247,0.71401,-3.1998,-6.7809,-3.5375,3.824,5.5148,0.085015,1.9398,-1.6173,-0.37497,-1.9922,-3.2333,-1.6964,-0.1227,2.4713,-0.038796,-8.0958,-0.28557,-2.5396,-0.42912,1.8609,2.2155,3.9649,0.97546,5.3933,2.686,-2.1755,-4.6095,5.2162,0.89341,-2.9381,4.2715,-1.7976,-0.87438,2.9767,2.1514,0.24485,-3.5518,-0.84211,-1.1652,0.62711,-0.076646,-1.4922,-0.4491,0.92474,0.58971,-0.28228,1.4724,7.723e-15
"woman_HCW035_RPLCneg",10.324,-47.858,15.688,0.72632,4.9761,31.956,6.6283,8.1105,-6.4681,6.7411,6.5789,-3.4007,-3.8163,-2.8127,-1.3492,2.7521,1.3512,-1.6257,0.36721,-1.8042,0.85344,-0.60543,3.4781,-1.2428,1.2177,-1.7738,1.1902,-1.3151,1.1339,1.5295,-0.36583,-1.5515,-1.4191,-0.92963,-1.402,0.37619,-1.37,0.67768,0.80809,-0.26661,0.071674,-0.068736,-0.093631,-0.48554,1.0814,-0.30476,0.52446,-0.63605,-0.13495,0.056601,0.32045,0.15534,0.31789,0.098661,0.3344,0.097017,-0.21727,0.021554,6.1062e-16
"woman_HCW045_RPLCneg",22.047,6.3546,9.7268,7.6363,0.26219,-4.6382,-6.9252,11.183,-8.0923,-4.1272,-4.9896,4.2773,1.3233,-2.4312,-7.7232,0.58563,5.0397,-1.4962,-1.587,2.3597,6.7528,-2.745,5.0748,4.5313,-1.9641,-3.8602,1.2518,4.9508,-6.4952,-0.93706,2.7239,-3.7324,3.1966,0.11186,-1.7552,1.0874,-0.14582,-1.8688,-1.2817,-1.8458,-1.9706,0.035844,-0.16187,-1.5297,1.4437,-2.1652,-1.6764,2.8715,-1.411,1.1662,-0.53108,-0.9211,0.079788,1.8864,-0.42443,-1.4462,-0.036037,0.52395,2.1008e-15
"woman_HCW080_RPLCneg",17.388,-3.7528,2.2412,-16.618,10.139,4.211,3.4675,-4.6855,9.6048,-0.89677,-6.0118,0.95216,-5.0473,-2.1757,-0.29746,-0.11562,1.0467,1.4036,-1.1225,3.4934,6.0141,3.5962,-3.5986,-0.18008,-4.1105,-0.25847,-4.3522,-2.7427,-1.1203,-4.8621,-2.1663,1.4745,-0.6392,0.97339,-3.5014,1.1804,0.88123,-1.4815,-1.3379,-1.3296,-1.1426,1.6935,0.36348,-1.1017,-3.1791,-6.3931,-0.12672,-0.69925,-0.46358,-2.1833,-1.1369,1.2478,-4.1889,-0.42577,0.81115,1.9103,0.26768,0.63498,-8.6181e-15
"woman_HCW099_RPLCneg",-19.775,7.6388,33.318,-8.5137,-0.0084307,3.493,0.61581,10.231,2.8312,-16.964,-8.8505,-3.2268,-0.57583,4.6733,-1.571,7.8263,-6.4509,1.4026,1.9552,-1.505,-1.5281,2.3784,-2.6243,-0.67864,0.82455,2.7037,4.1537,0.99291,-0.55655,2.8994,-1.2015,1.2703,2.7342,0.040187,1.7224,5.226,1.3692,0.99028,-0.18598,-0.00080878,0.73711,-1.6023,-1.2404,2.1734,-0.34437,0.05154,1.3688,-0.66526,-0.92305,-1.513,0.79792,0.28626,-0.438,-0.088659,0.40062,-0.052151,0.30236,-0.78008,-1.3076e-14
"woman_HCW103_RPLCneg",31.303,13.073,3.5263,-5.0837,-5.2681,6.195,4.7131,-2.1397,9.0037,5.8786,-4.6161,-2.4064,-1.3592,-1.3968,0.62034,-6.3345,-2.1855,0.27191,4.0067,5.2857,-0.42034,-0.94786,0.73313,-0.45983,-3.3657,4.9557,1.1524,6.8892,-0.49085,-1.0983,-1.0183,-2.2382,1.8486,-0.22727,-0.78071,-1.4133,0.25631,-0.69943,0.68335,-3.4687,3.4364,4.0672,2.2163,2.2389,1.5665,4.3425,4.0452,1.5956,-1.6673,-1.5011,2.9568,-0.81677,1.0673,0.69596,0.56873,0.1022,0.97139,-0.056768,-1.2948e-14
"woman_HCW105_RPLCneg",10.223,14.72,7.3813,-7.568,0.13855,-1.2557,-2.3813,-1.5758,-5.3178,5.6259,2.2272,0.23052,-5.7876,2.7708,2.7263,4.2833,-5.5468,-1.1767,1.3815,-2.3407,-0.1004,0.94777,-3.3067,2.4378,-0.16896,-4.0157,-0.94711,0.23376,-1.6898,2.3418,-4.7159,-2.8747,0.26878,-2.9174,-1.5513,-0.54549,-1.644,-1.9811,-4.862,-0.1365,3.1617,0.62254,2.024,-0.98837,-6.2294,4.1139,-5.4765,-1.0017,-1.0351,0.35284,-1.148,-2.0238,1.4204,0.96178,1.9685,0.577,-1.5339,-0.68138,6.5434e-15
"woman_HCW114_RPLCneg",12.438,5.415,-8.7422,-6.9992,-0.194,1.6571,4.5388,-0.35724,3.4267,2.0679,-8.2576,2.0756,-1.3289,-2.4484,1.3476,-5.1895,-1.1256,-1.2658,-2.091,-3.9715,-0.011213,2.1053,3.4663,-1.3356,3.8975,2.0007,3.2087,-0.64076,4.1548,-2.6037,-1.8974,-3.4743,2.1459,-2.9921,3.1389,1.92,1.9344,0.030503,0.053862,-0.18383,-5.6871,-0.034521,-3.5885,-2.809,0.19017,1.1663,-3.397,2.1454,-1.6748,-0.50379,-0.87517,2.2011,2.4036,-4.895,2.458,-2.0089,-0.81827,-0.51735,1.6931e-15
